file,rmse,max_abs_e,iae,energy
sim_pd.csv,0.07487854556484853,0.25,1.6586083547163915,62.75999999999682
sim_nn.csv,0.07381845826550962,0.25,1.6266316858368335,62.73999999999681
